,Title,Byline,URL to story,Category,Issue number,Publication date
0,The Dragon Project,by Naomi Kritzer,https://clarkesworldmagazine.com/kritzer_03_22,FICTION,186, March 2022
1,Saturn Devouring His Son,by EA Mylonas,https://clarkesworldmagazine.com/mylonas_03_22,FICTION,186, March 2022
2,Rain of Days,by Ray Nayler,https://clarkesworldmagazine.com/nayler_03_22,FICTION,186, March 2022
3,The Memory of Water,by Tegan Moore,https://clarkesworldmagazine.com/moore_03_22,FICTION,186, March 2022
4,Wanting Things,by Cal Ritterhoff,https://clarkesworldmagazine.com/ritterhoff_03_22,FICTION,186, March 2022
5,It Takes a Village,by Priya Chand,https://clarkesworldmagazine.com/chand_03_22,FICTION,186, March 2022
6,Meddling Fields,by R.T. Ester,https://clarkesworldmagazine.com/ester_03_22,FICTION,186, March 2022
7,Commencement Address,"by Arthur Liu, translated by Stella Jiayue Zhu",https://clarkesworldmagazine.com/liu_03_22,FICTION,186, March 2022
8,Validating Rage: Women in Horror,by Carrie Sessarego,https://clarkesworldmagazine.com/sessarego_03_22,NON-FICTION,186, March 2022
9,Breaking the Gender Barrier: A Conversation with Regina Kanyu Wang and Yu Chen,by Arley Sorg,https://clarkesworldmagazine.com/wang-chen_interview,NON-FICTION,186, March 2022
10,Friendship in the Time Of Kaiju: A Conversation with John Scalzi,by Arley Sorg,https://clarkesworldmagazine.com/scalzi_interview_2022,NON-FICTION,186, March 2022
11,Editor's Desk: The Best from 2021,by Neil Clarke,https://clarkesworldmagazine.com/clarke_03_22,NON-FICTION,186, March 2022
12,SurtiBot and Mister Oink,by Alejandro Burdisio,https://clarkesworldmagazine.com/artbio_186,COVER ART,186, March 2022
